{
  "version": "2022.1",
  "applications": [],
  "platforms": [
    {
      "name": "lab1b"
    },
    {
      "name": "lab2a"
    },
    {
      "name": "lab2a_hwdbg"
    },
    {
      "name": "lab2b_platform"
    },
    {
      "name": "lab3a_platform"
    },
    {
      "name": "system_wrapper"
    }
  ],
  "systems": [
    {
      "name": "lab1_system",
      "platform": "/home/rrlingam/workspace/system_wrapper/export/system_wrapper/system_wrapper.xpfm",
      "sysConfig": "system_wrapper",
      "buildConfig": "Debug",
      "applications": [
        {
          "name": "lab1",
          "platform": "/home/rrlingam/workspace/system_wrapper/export/system_wrapper/system_wrapper.xpfm",
          "platformPath": "/home/rrlingam/workspace/system_wrapper/export/system_wrapper",
          "sysConfig": "system_wrapper",
          "domain": "standalone_microblaze_0",
          "system": "lab1_system"
        }
      ],
      "platformPath": "/home/rrlingam/workspace/system_wrapper/export/system_wrapper"
    },
    {
      "name": "lab1b_code_system",
      "platform": "/home/rrlingam/workspace/lab1b/export/lab1b/lab1b.xpfm",
      "sysConfig": "lab1b",
      "buildConfig": "Debug",
      "applications": [
        {
          "name": "lab1b_code",
          "platform": "/home/rrlingam/workspace/lab1b/export/lab1b/lab1b.xpfm",
          "platformPath": "/home/rrlingam/workspace/lab1b/export/lab1b",
          "sysConfig": "lab1b",
          "domain": "standalone_microblaze_0",
          "system": "lab1b_code_system"
        }
      ],
      "platformPath": "/home/rrlingam/workspace/lab1b/export/lab1b"
    },
    {
      "name": "lab2a_code_system",
      "platform": "/home/rrlingam/workspace/lab2a_hwdbg/export/lab2a_hwdbg/lab2a_hwdbg.xpfm",
      "sysConfig": "lab2a_hwdbg",
      "buildConfig": "Debug",
      "applications": [
        {
          "name": "lab2a_code",
          "platform": "/home/rrlingam/workspace/lab2a_hwdbg/export/lab2a_hwdbg/lab2a_hwdbg.xpfm",
          "platformPath": "/home/rrlingam/workspace/lab2a_hwdbg/export/lab2a_hwdbg",
          "sysConfig": "lab2a_hwdbg",
          "domain": "standalone_domain",
          "system": "lab2a_code_system"
        }
      ],
      "platformPath": "/home/rrlingam/workspace/lab2a_hwdbg/export/lab2a_hwdbg"
    },
    {
      "name": "lab2b_code_system",
      "platform": "/home/rrlingam/workspace/lab2b_platform/export/lab2b_platform/lab2b_platform.xpfm",
      "sysConfig": "lab2b_platform",
      "buildConfig": "Debug",
      "applications": [
        {
          "name": "lab2b_code",
          "platform": "/home/rrlingam/workspace/lab2b_platform/export/lab2b_platform/lab2b_platform.xpfm",
          "platformPath": "/home/rrlingam/workspace/lab2b_platform/export/lab2b_platform",
          "sysConfig": "lab2b_platform",
          "domain": "standalone_microblaze_0",
          "system": "lab2b_code_system"
        }
      ],
      "platformPath": "/home/rrlingam/workspace/lab2b_platform/export/lab2b_platform"
    },
    {
      "name": "lab3a_code_system",
      "platform": "/home/rrlingam/workspace/lab3a_platform/export/lab3a_platform/lab3a_platform.xpfm",
      "sysConfig": "lab3a_platform",
      "buildConfig": "Debug",
      "applications": [
        {
          "name": "lab3a_code",
          "platform": "/home/rrlingam/workspace/lab3a_platform/export/lab3a_platform/lab3a_platform.xpfm",
          "platformPath": "/home/rrlingam/workspace/lab3a_platform/export/lab3a_platform",
          "sysConfig": "lab3a_platform",
          "domain": "standalone_microblaze_0",
          "system": "lab3a_code_system"
        }
      ],
      "platformPath": "/home/rrlingam/workspace/lab3a_platform/export/lab3a_platform"
    }
  ],
  "others": []
}